<?xml version="1.0" encoding="utf-8"?>
<labels xmlns="http://mulan.sourceforge.net/labels">
<label name="A.A1"></label>
<label name="A.A2"></label>
<label name="A.A3"></label>
<label name="A.A4"></label>
<label name="A.A5"></label>
<label name="A.A6"></label>
<label name="A.A7"></label>
<label name="A.A8"></label>
<label name="B.B1"></label>
<label name="B.B10"></label>
<label name="B.B11"></label>
<label name="B.B12"></label>
<label name="B.B13"></label>
<label name="B.B2"></label>
<label name="B.B3"></label>
<label name="B.B4"></label>
<label name="B.B5"></label>
<label name="B.B6"></label>
<label name="B.B7"></label>
<label name="B.B8"></label>
<label name="B.B9"></label>
<label name="C.C1"></label>
<label name="C.C10"></label>
<label name="C.C11"></label>
<label name="C.C12"></label>
<label name="C.C13"></label>
<label name="C.C2"></label>
<label name="C.C3"></label>
<label name="C.C4"></label>
<label name="C.C5"></label>
<label name="C.C6"></label>
<label name="C.C7"></label>
<label name="C.C8"></label>
<label name="C.C9"></label>
<label name="D.D1"></label>
<label name="D.D10"></label>
<label name="D.D11"></label>
<label name="D.D12"></label>
<label name="D.D13"></label>
<label name="D.D14"></label>
<label name="D.D15"></label>
<label name="D.D16"></label>
<label name="D.D17"></label>
<label name="D.D18"></label>
<label name="D.D19"></label>
<label name="D.D2"></label>
<label name="D.D3"></label>
<label name="D.D4"></label>
<label name="D.D5"></label>
<label name="D.D6"></label>
<label name="D.D7"></label>
<label name="D.D8"></label>
<label name="D.D9"></label>
</labels>
