<?xml version="1.0" encoding="utf-8"?>

<!DOCTYPE object
[
   <!ELEMENT object (#PCDATA|object)*>
   <!ATTLIST object name      CDATA #REQUIRED>
   <!ATTLIST object class     CDATA #REQUIRED>
   <!ATTLIST object primitive CDATA "no">
   <!ATTLIST object array     CDATA "no">   <!-- the dimensions of the array; no=0, yes=1 -->
   <!ATTLIST object null      CDATA "no">
   <!ATTLIST object version   CDATA "3.6.3">
]
>

<object class="weka.experiment.Experiment" name="__root__" version="3.6.3">
   <object array="yes" class="weka.classifiers.Classifier" name="propertyArray">
      <object class="weka.classifiers.functions.LibSVM" name="0">
         <object class="boolean" name="debug" primitive="yes">false</object>
         <object array="yes" class="java.lang.String" name="options">
            <object class="java.lang.String" name="0">-S</object>
            <object class="java.lang.String" name="1">0</object>
            <object class="java.lang.String" name="2">-K</object>
            <object class="java.lang.String" name="3">0</object>
            <object class="java.lang.String" name="4">-D</object>
            <object class="java.lang.String" name="5">3</object>
            <object class="java.lang.String" name="6">-G</object>
            <object class="java.lang.String" name="7">0.0</object>
            <object class="java.lang.String" name="8">-R</object>
            <object class="java.lang.String" name="9">0.0</object>
            <object class="java.lang.String" name="10">-N</object>
            <object class="java.lang.String" name="11">0.5</object>
            <object class="java.lang.String" name="12">-M</object>
            <object class="java.lang.String" name="13">40.0</object>
            <object class="java.lang.String" name="14">-C</object>
            <object class="java.lang.String" name="15">1.0</object>
            <object class="java.lang.String" name="16">-E</object>
            <object class="java.lang.String" name="17">0.001</object>
            <object class="java.lang.String" name="18">-P</object>
            <object class="java.lang.String" name="19">0.1</object>
         </object>
      </object>


<object class="weka.classifiers.pla.Perceptrovement" name="1">
   <object class="boolean" name="debug" primitive="yes">false</object>
   <object array="yes" class="java.lang.String" name="options">
      <object class="java.lang.String" name="0">-S</object>
      <object class="java.lang.String" name="1">1</object>
      <object class="java.lang.String" name="2">-I</object>
      <object class="java.lang.String" name="3">100</object>
      <object class="java.lang.String" name="4">-N</object>
      <object class="java.lang.String" name="5">0</object>
      <object class="java.lang.String" name="6">-V</object>
      <object class="java.lang.String" name="7">0</object>
      <object class="java.lang.String" name="8">-A</object>
      <object class="java.lang.String" name="9">10</object>
      <object class="java.lang.String" name="10">-U</object>
      <object class="java.lang.String" name="11">weka.classifiers.pla.addon.update.ConstantUpdate -L 1.0</object>
      <object class="java.lang.String" name="12">-G</object>
      <object class="java.lang.String" name="13">weka.classifiers.pla.addon.margin.UnevenMargin -N 1.0 -P 1.0</object>
      <object class="java.lang.String" name="14">-W</object>
      <object class="java.lang.String" name="15">weka.classifiers.pla.weight.DualForm -M 0.0 -T &quot;weka.classifiers.pla.addon.augment.RealNumber -N 0.0&quot; -B &quot;weka.classifiers.pla.addon.budget.JustRemove -B 2147483647 -S 1 -H 0&quot; -K &quot;weka.classifiers.functions.supportVector.PolyKernel -C 0 -E 1.0&quot;</object>
   </object>
</object>
<object class="weka.classifiers.pla.Perceptrovement" name="2">
   <object class="boolean" name="debug" primitive="yes">false</object>
   <object array="yes" class="java.lang.String" name="options">
      <object class="java.lang.String" name="0">-S</object>
      <object class="java.lang.String" name="1">1</object>
      <object class="java.lang.String" name="2">-I</object>
      <object class="java.lang.String" name="3">100</object>
      <object class="java.lang.String" name="4">-N</object>
      <object class="java.lang.String" name="5">0</object>
      <object class="java.lang.String" name="6">-V</object>
      <object class="java.lang.String" name="7">0</object>
      <object class="java.lang.String" name="8">-A</object>
      <object class="java.lang.String" name="9">2147483647</object>
      <object class="java.lang.String" name="10">-U</object>
      <object class="java.lang.String" name="11">weka.classifiers.pla.addon.update.ConstantUpdate -L 1.0</object>
      <object class="java.lang.String" name="12">-G</object>
      <object class="java.lang.String" name="13">weka.classifiers.pla.addon.margin.UnevenMargin -N 1.0 -P 1.0</object>
      <object class="java.lang.String" name="14">-W</object>
      <object class="java.lang.String" name="15">weka.classifiers.pla.weight.DualForm -M 0.0 -T &quot;weka.classifiers.pla.addon.augment.RealNumber -N 0.0&quot; -B &quot;weka.classifiers.pla.addon.budget.JustRemove -B 2147483647 -S 1 -H 0&quot; -K &quot;weka.classifiers.functions.supportVector.PolyKernel -C 0 -E 1.0&quot;</object>
   </object>
</object>
<object class="weka.classifiers.pla.Perceptrovement" name="3">
   <object class="boolean" name="debug" primitive="yes">false</object>
   <object array="yes" class="java.lang.String" name="options">
      <object class="java.lang.String" name="0">-S</object>
      <object class="java.lang.String" name="1">1</object>
      <object class="java.lang.String" name="2">-I</object>
      <object class="java.lang.String" name="3">100</object>
      <object class="java.lang.String" name="4">-N</object>
      <object class="java.lang.String" name="5">0</object>
      <object class="java.lang.String" name="6">-V</object>
      <object class="java.lang.String" name="7">0</object>
      <object class="java.lang.String" name="8">-A</object>
      <object class="java.lang.String" name="9">10</object>
      <object class="java.lang.String" name="10">-U</object>
      <object class="java.lang.String" name="11">weka.classifiers.pla.addon.update.ConstantUpdate -L 1.0</object>
      <object class="java.lang.String" name="12">-G</object>
      <object class="java.lang.String" name="13">weka.classifiers.pla.addon.margin.UnevenMargin -N 1.0 -P 1.0</object>
      <object class="java.lang.String" name="14">-W</object>
      <object class="java.lang.String" name="15">weka.classifiers.pla.weight.DualForm -M 1.0 -T &quot;weka.classifiers.pla.addon.augment.RealNumber -N 0.0&quot; -B &quot;weka.classifiers.pla.addon.budget.JustRemove -B 2147483647 -S 1 -H 0&quot; -K &quot;weka.classifiers.functions.supportVector.PolyKernel -C 0 -E 1.0&quot;</object>
   </object>
</object>
<object class="weka.classifiers.pla.Perceptrovement" name="4">
   <object class="boolean" name="debug" primitive="yes">false</object>
   <object array="yes" class="java.lang.String" name="options">
      <object class="java.lang.String" name="0">-S</object>
      <object class="java.lang.String" name="1">1</object>
      <object class="java.lang.String" name="2">-I</object>
      <object class="java.lang.String" name="3">100</object>
      <object class="java.lang.String" name="4">-N</object>
      <object class="java.lang.String" name="5">0</object>
      <object class="java.lang.String" name="6">-V</object>
      <object class="java.lang.String" name="7">0</object>
      <object class="java.lang.String" name="8">-A</object>
      <object class="java.lang.String" name="9">2147483647</object>
      <object class="java.lang.String" name="10">-U</object>
      <object class="java.lang.String" name="11">weka.classifiers.pla.addon.update.ConstantUpdate -L 1.0</object>
      <object class="java.lang.String" name="12">-G</object>
      <object class="java.lang.String" name="13">weka.classifiers.pla.addon.margin.UnevenMargin -N 1.0 -P 1.0</object>
      <object class="java.lang.String" name="14">-W</object>
      <object class="java.lang.String" name="15">weka.classifiers.pla.weight.DualForm -M 1.0 -T &quot;weka.classifiers.pla.addon.augment.RealNumber -N 0.0&quot; -B &quot;weka.classifiers.pla.addon.budget.JustRemove -B 2147483647 -S 1 -H 0&quot; -K &quot;weka.classifiers.functions.supportVector.PolyKernel -C 0 -E 1.0&quot;</object>
   </object>
</object>
<object class="weka.classifiers.pla.Perceptrovement" name="5">
   <object class="boolean" name="debug" primitive="yes">false</object>
   <object array="yes" class="java.lang.String" name="options">
      <object class="java.lang.String" name="0">-S</object>
      <object class="java.lang.String" name="1">1</object>
      <object class="java.lang.String" name="2">-I</object>
      <object class="java.lang.String" name="3">100</object>
      <object class="java.lang.String" name="4">-N</object>
      <object class="java.lang.String" name="5">0</object>
      <object class="java.lang.String" name="6">-V</object>
      <object class="java.lang.String" name="7">0</object>
      <object class="java.lang.String" name="8">-A</object>
      <object class="java.lang.String" name="9">10</object>
      <object class="java.lang.String" name="10">-U</object>
      <object class="java.lang.String" name="11">weka.classifiers.pla.addon.update.MICRAUpdate -L 2.0 -Z 0.875 -B 1.0 -D 0.0</object>
      <object class="java.lang.String" name="12">-G</object>
      <object class="java.lang.String" name="13">weka.classifiers.pla.addon.margin.UnevenMargin -N 1.0 -P 1.0</object>
      <object class="java.lang.String" name="14">-W</object>
      <object class="java.lang.String" name="15">weka.classifiers.pla.weight.DualForm -M 0.0 -T &quot;weka.classifiers.pla.addon.augment.RealNumber -N 0.0&quot; -B &quot;weka.classifiers.pla.addon.budget.JustRemove -B 2147483647 -S 1 -H 0&quot; -K &quot;weka.classifiers.functions.supportVector.PolyKernel -C 0 -E 1.0&quot;</object>
   </object>
</object>
<object class="weka.classifiers.pla.Perceptrovement" name="6">
   <object class="boolean" name="debug" primitive="yes">false</object>
   <object array="yes" class="java.lang.String" name="options">
      <object class="java.lang.String" name="0">-S</object>
      <object class="java.lang.String" name="1">1</object>
      <object class="java.lang.String" name="2">-I</object>
      <object class="java.lang.String" name="3">100</object>
      <object class="java.lang.String" name="4">-N</object>
      <object class="java.lang.String" name="5">0</object>
      <object class="java.lang.String" name="6">-V</object>
      <object class="java.lang.String" name="7">0</object>
      <object class="java.lang.String" name="8">-A</object>
      <object class="java.lang.String" name="9">2147483647</object>
      <object class="java.lang.String" name="10">-U</object>
      <object class="java.lang.String" name="11">weka.classifiers.pla.addon.update.MICRAUpdate -L 2.0 -Z 0.875 -B 1.0 -D 0.0</object>
      <object class="java.lang.String" name="12">-G</object>
      <object class="java.lang.String" name="13">weka.classifiers.pla.addon.margin.UnevenMargin -N 1.0 -P 1.0</object>
      <object class="java.lang.String" name="14">-W</object>
      <object class="java.lang.String" name="15">weka.classifiers.pla.weight.DualForm -M 0.0 -T &quot;weka.classifiers.pla.addon.augment.RealNumber -N 0.0&quot; -B &quot;weka.classifiers.pla.addon.budget.JustRemove -B 2147483647 -S 1 -H 0&quot; -K &quot;weka.classifiers.functions.supportVector.PolyKernel -C 0 -E 1.0&quot;</object>
   </object>
</object>
<object class="weka.classifiers.pla.Perceptrovement" name="7">
   <object class="boolean" name="debug" primitive="yes">false</object>
   <object array="yes" class="java.lang.String" name="options">
      <object class="java.lang.String" name="0">-S</object>
      <object class="java.lang.String" name="1">1</object>
      <object class="java.lang.String" name="2">-I</object>
      <object class="java.lang.String" name="3">100</object>
      <object class="java.lang.String" name="4">-N</object>
      <object class="java.lang.String" name="5">0</object>
      <object class="java.lang.String" name="6">-V</object>
      <object class="java.lang.String" name="7">0</object>
      <object class="java.lang.String" name="8">-A</object>
      <object class="java.lang.String" name="9">10</object>
      <object class="java.lang.String" name="10">-U</object>
      <object class="java.lang.String" name="11">weka.classifiers.pla.addon.update.MICRAUpdate -L 2.0 -Z 0.875 -B 1.0 -D 0.0</object>
      <object class="java.lang.String" name="12">-G</object>
      <object class="java.lang.String" name="13">weka.classifiers.pla.addon.margin.UnevenMargin -N 1.0 -P 1.0</object>
      <object class="java.lang.String" name="14">-W</object>
      <object class="java.lang.String" name="15">weka.classifiers.pla.weight.DualForm -M 1.0 -T &quot;weka.classifiers.pla.addon.augment.RealNumber -N 0.0&quot; -B &quot;weka.classifiers.pla.addon.budget.JustRemove -B 2147483647 -S 1 -H 0&quot; -K &quot;weka.classifiers.functions.supportVector.PolyKernel -C 0 -E 1.0&quot;</object>
   </object>
</object>
<object class="weka.classifiers.pla.Perceptrovement" name="8">
   <object class="boolean" name="debug" primitive="yes">false</object>
   <object array="yes" class="java.lang.String" name="options">
      <object class="java.lang.String" name="0">-S</object>
      <object class="java.lang.String" name="1">1</object>
      <object class="java.lang.String" name="2">-I</object>
      <object class="java.lang.String" name="3">100</object>
      <object class="java.lang.String" name="4">-N</object>
      <object class="java.lang.String" name="5">0</object>
      <object class="java.lang.String" name="6">-V</object>
      <object class="java.lang.String" name="7">0</object>
      <object class="java.lang.String" name="8">-A</object>
      <object class="java.lang.String" name="9">2147483647</object>
      <object class="java.lang.String" name="10">-U</object>
      <object class="java.lang.String" name="11">weka.classifiers.pla.addon.update.MICRAUpdate -L 2.0 -Z 0.875 -B 1.0 -D 0.0</object>
      <object class="java.lang.String" name="12">-G</object>
      <object class="java.lang.String" name="13">weka.classifiers.pla.addon.margin.UnevenMargin -N 1.0 -P 1.0</object>
      <object class="java.lang.String" name="14">-W</object>
      <object class="java.lang.String" name="15">weka.classifiers.pla.weight.DualForm -M 1.0 -T &quot;weka.classifiers.pla.addon.augment.RealNumber -N 0.0&quot; -B &quot;weka.classifiers.pla.addon.budget.JustRemove -B 2147483647 -S 1 -H 0&quot; -K &quot;weka.classifiers.functions.supportVector.PolyKernel -C 0 -E 1.0&quot;</object>
   </object>
</object>
<object class="weka.classifiers.pla.Perceptrovement" name="9">
   <object class="boolean" name="debug" primitive="yes">false</object>
   <object array="yes" class="java.lang.String" name="options">
      <object class="java.lang.String" name="0">-S</object>
      <object class="java.lang.String" name="1">1</object>
      <object class="java.lang.String" name="2">-I</object>
      <object class="java.lang.String" name="3">100</object>
      <object class="java.lang.String" name="4">-N</object>
      <object class="java.lang.String" name="5">0</object>
      <object class="java.lang.String" name="6">-V</object>
      <object class="java.lang.String" name="7">0</object>
      <object class="java.lang.String" name="8">-A</object>
      <object class="java.lang.String" name="9">10</object>
      <object class="java.lang.String" name="10">-U</object>
      <object class="java.lang.String" name="11">weka.classifiers.pla.addon.update.PAUpdate -C Infinity -V 0</object>
      <object class="java.lang.String" name="12">-G</object>
      <object class="java.lang.String" name="13">weka.classifiers.pla.addon.margin.UnevenMargin -N 1.0 -P 1.0</object>
      <object class="java.lang.String" name="14">-W</object>
      <object class="java.lang.String" name="15">weka.classifiers.pla.weight.DualForm -M 0.0 -T &quot;weka.classifiers.pla.addon.augment.RealNumber -N 0.0&quot; -B &quot;weka.classifiers.pla.addon.budget.JustRemove -B 2147483647 -S 1 -H 0&quot; -K &quot;weka.classifiers.functions.supportVector.PolyKernel -C 0 -E 1.0&quot;</object>
   </object>
</object>
<object class="weka.classifiers.pla.Perceptrovement" name="10">
   <object class="boolean" name="debug" primitive="yes">false</object>
   <object array="yes" class="java.lang.String" name="options">
      <object class="java.lang.String" name="0">-S</object>
      <object class="java.lang.String" name="1">1</object>
      <object class="java.lang.String" name="2">-I</object>
      <object class="java.lang.String" name="3">100</object>
      <object class="java.lang.String" name="4">-N</object>
      <object class="java.lang.String" name="5">0</object>
      <object class="java.lang.String" name="6">-V</object>
      <object class="java.lang.String" name="7">0</object>
      <object class="java.lang.String" name="8">-A</object>
      <object class="java.lang.String" name="9">2147483647</object>
      <object class="java.lang.String" name="10">-U</object>
      <object class="java.lang.String" name="11">weka.classifiers.pla.addon.update.PAUpdate -C Infinity -V 0</object>
      <object class="java.lang.String" name="12">-G</object>
      <object class="java.lang.String" name="13">weka.classifiers.pla.addon.margin.UnevenMargin -N 1.0 -P 1.0</object>
      <object class="java.lang.String" name="14">-W</object>
      <object class="java.lang.String" name="15">weka.classifiers.pla.weight.DualForm -M 0.0 -T &quot;weka.classifiers.pla.addon.augment.RealNumber -N 0.0&quot; -B &quot;weka.classifiers.pla.addon.budget.JustRemove -B 2147483647 -S 1 -H 0&quot; -K &quot;weka.classifiers.functions.supportVector.PolyKernel -C 0 -E 1.0&quot;</object>
   </object>
</object>
<object class="weka.classifiers.pla.Perceptrovement" name="11">
   <object class="boolean" name="debug" primitive="yes">false</object>
   <object array="yes" class="java.lang.String" name="options">
      <object class="java.lang.String" name="0">-S</object>
      <object class="java.lang.String" name="1">1</object>
      <object class="java.lang.String" name="2">-I</object>
      <object class="java.lang.String" name="3">100</object>
      <object class="java.lang.String" name="4">-N</object>
      <object class="java.lang.String" name="5">0</object>
      <object class="java.lang.String" name="6">-V</object>
      <object class="java.lang.String" name="7">0</object>
      <object class="java.lang.String" name="8">-A</object>
      <object class="java.lang.String" name="9">10</object>
      <object class="java.lang.String" name="10">-U</object>
      <object class="java.lang.String" name="11">weka.classifiers.pla.addon.update.PAUpdate -C Infinity -V 0</object>
      <object class="java.lang.String" name="12">-G</object>
      <object class="java.lang.String" name="13">weka.classifiers.pla.addon.margin.UnevenMargin -N 1.0 -P 1.0</object>
      <object class="java.lang.String" name="14">-W</object>
      <object class="java.lang.String" name="15">weka.classifiers.pla.weight.DualForm -M 1.0 -T &quot;weka.classifiers.pla.addon.augment.RealNumber -N 0.0&quot; -B &quot;weka.classifiers.pla.addon.budget.JustRemove -B 2147483647 -S 1 -H 0&quot; -K &quot;weka.classifiers.functions.supportVector.PolyKernel -C 0 -E 1.0&quot;</object>
   </object>
</object>
<object class="weka.classifiers.pla.Perceptrovement" name="12">
   <object class="boolean" name="debug" primitive="yes">false</object>
   <object array="yes" class="java.lang.String" name="options">
      <object class="java.lang.String" name="0">-S</object>
      <object class="java.lang.String" name="1">1</object>
      <object class="java.lang.String" name="2">-I</object>
      <object class="java.lang.String" name="3">100</object>
      <object class="java.lang.String" name="4">-N</object>
      <object class="java.lang.String" name="5">0</object>
      <object class="java.lang.String" name="6">-V</object>
      <object class="java.lang.String" name="7">0</object>
      <object class="java.lang.String" name="8">-A</object>
      <object class="java.lang.String" name="9">2147483647</object>
      <object class="java.lang.String" name="10">-U</object>
      <object class="java.lang.String" name="11">weka.classifiers.pla.addon.update.PAUpdate -C Infinity -V 0</object>
      <object class="java.lang.String" name="12">-G</object>
      <object class="java.lang.String" name="13">weka.classifiers.pla.addon.margin.UnevenMargin -N 1.0 -P 1.0</object>
      <object class="java.lang.String" name="14">-W</object>
      <object class="java.lang.String" name="15">weka.classifiers.pla.weight.DualForm -M 1.0 -T &quot;weka.classifiers.pla.addon.augment.RealNumber -N 0.0&quot; -B &quot;weka.classifiers.pla.addon.budget.JustRemove -B 2147483647 -S 1 -H 0&quot; -K &quot;weka.classifiers.functions.supportVector.PolyKernel -C 0 -E 1.0&quot;</object>
   </object>
</object>
<object class="weka.classifiers.pla.Perceptrovement" name="13">
   <object class="boolean" name="debug" primitive="yes">false</object>
   <object array="yes" class="java.lang.String" name="options">
      <object class="java.lang.String" name="0">-S</object>
      <object class="java.lang.String" name="1">1</object>
      <object class="java.lang.String" name="2">-I</object>
      <object class="java.lang.String" name="3">100</object>
      <object class="java.lang.String" name="4">-N</object>
      <object class="java.lang.String" name="5">0</object>
      <object class="java.lang.String" name="6">-V</object>
      <object class="java.lang.String" name="7">0</object>
      <object class="java.lang.String" name="8">-A</object>
      <object class="java.lang.String" name="9">10</object>
      <object class="java.lang.String" name="10">-U</object>
      <object class="java.lang.String" name="11">weka.classifiers.pla.addon.update.PAUpdate -C 0.0010 -V 0</object>
      <object class="java.lang.String" name="12">-G</object>
      <object class="java.lang.String" name="13">weka.classifiers.pla.addon.margin.UnevenMargin -N 1.0 -P 1.0</object>
      <object class="java.lang.String" name="14">-W</object>
      <object class="java.lang.String" name="15">weka.classifiers.pla.weight.DualForm -M 0.0 -T &quot;weka.classifiers.pla.addon.augment.RealNumber -N 0.0&quot; -B &quot;weka.classifiers.pla.addon.budget.JustRemove -B 2147483647 -S 1 -H 0&quot; -K &quot;weka.classifiers.functions.supportVector.PolyKernel -C 0 -E 1.0&quot;</object>
   </object>
</object>
<object class="weka.classifiers.pla.Perceptrovement" name="14">
   <object class="boolean" name="debug" primitive="yes">false</object>
   <object array="yes" class="java.lang.String" name="options">
      <object class="java.lang.String" name="0">-S</object>
      <object class="java.lang.String" name="1">1</object>
      <object class="java.lang.String" name="2">-I</object>
      <object class="java.lang.String" name="3">100</object>
      <object class="java.lang.String" name="4">-N</object>
      <object class="java.lang.String" name="5">0</object>
      <object class="java.lang.String" name="6">-V</object>
      <object class="java.lang.String" name="7">0</object>
      <object class="java.lang.String" name="8">-A</object>
      <object class="java.lang.String" name="9">2147483647</object>
      <object class="java.lang.String" name="10">-U</object>
      <object class="java.lang.String" name="11">weka.classifiers.pla.addon.update.PAUpdate -C 0.0010 -V 0</object>
      <object class="java.lang.String" name="12">-G</object>
      <object class="java.lang.String" name="13">weka.classifiers.pla.addon.margin.UnevenMargin -N 1.0 -P 1.0</object>
      <object class="java.lang.String" name="14">-W</object>
      <object class="java.lang.String" name="15">weka.classifiers.pla.weight.DualForm -M 0.0 -T &quot;weka.classifiers.pla.addon.augment.RealNumber -N 0.0&quot; -B &quot;weka.classifiers.pla.addon.budget.JustRemove -B 2147483647 -S 1 -H 0&quot; -K &quot;weka.classifiers.functions.supportVector.PolyKernel -C 0 -E 1.0&quot;</object>
   </object>
</object>
<object class="weka.classifiers.pla.Perceptrovement" name="15">
   <object class="boolean" name="debug" primitive="yes">false</object>
   <object array="yes" class="java.lang.String" name="options">
      <object class="java.lang.String" name="0">-S</object>
      <object class="java.lang.String" name="1">1</object>
      <object class="java.lang.String" name="2">-I</object>
      <object class="java.lang.String" name="3">100</object>
      <object class="java.lang.String" name="4">-N</object>
      <object class="java.lang.String" name="5">0</object>
      <object class="java.lang.String" name="6">-V</object>
      <object class="java.lang.String" name="7">0</object>
      <object class="java.lang.String" name="8">-A</object>
      <object class="java.lang.String" name="9">10</object>
      <object class="java.lang.String" name="10">-U</object>
      <object class="java.lang.String" name="11">weka.classifiers.pla.addon.update.PAUpdate -C 0.0010 -V 0</object>
      <object class="java.lang.String" name="12">-G</object>
      <object class="java.lang.String" name="13">weka.classifiers.pla.addon.margin.UnevenMargin -N 1.0 -P 1.0</object>
      <object class="java.lang.String" name="14">-W</object>
      <object class="java.lang.String" name="15">weka.classifiers.pla.weight.DualForm -M 1.0 -T &quot;weka.classifiers.pla.addon.augment.RealNumber -N 0.0&quot; -B &quot;weka.classifiers.pla.addon.budget.JustRemove -B 2147483647 -S 1 -H 0&quot; -K &quot;weka.classifiers.functions.supportVector.PolyKernel -C 0 -E 1.0&quot;</object>
   </object>
</object>
<object class="weka.classifiers.pla.Perceptrovement" name="16">
   <object class="boolean" name="debug" primitive="yes">false</object>
   <object array="yes" class="java.lang.String" name="options">
      <object class="java.lang.String" name="0">-S</object>
      <object class="java.lang.String" name="1">1</object>
      <object class="java.lang.String" name="2">-I</object>
      <object class="java.lang.String" name="3">100</object>
      <object class="java.lang.String" name="4">-N</object>
      <object class="java.lang.String" name="5">0</object>
      <object class="java.lang.String" name="6">-V</object>
      <object class="java.lang.String" name="7">0</object>
      <object class="java.lang.String" name="8">-A</object>
      <object class="java.lang.String" name="9">2147483647</object>
      <object class="java.lang.String" name="10">-U</object>
      <object class="java.lang.String" name="11">weka.classifiers.pla.addon.update.PAUpdate -C 0.0010 -V 0</object>
      <object class="java.lang.String" name="12">-G</object>
      <object class="java.lang.String" name="13">weka.classifiers.pla.addon.margin.UnevenMargin -N 1.0 -P 1.0</object>
      <object class="java.lang.String" name="14">-W</object>
      <object class="java.lang.String" name="15">weka.classifiers.pla.weight.DualForm -M 1.0 -T &quot;weka.classifiers.pla.addon.augment.RealNumber -N 0.0&quot; -B &quot;weka.classifiers.pla.addon.budget.JustRemove -B 2147483647 -S 1 -H 0&quot; -K &quot;weka.classifiers.functions.supportVector.PolyKernel -C 0 -E 1.0&quot;</object>
   </object>
</object>
<object class="weka.classifiers.pla.Perceptrovement" name="17">
   <object class="boolean" name="debug" primitive="yes">false</object>
   <object array="yes" class="java.lang.String" name="options">
      <object class="java.lang.String" name="0">-S</object>
      <object class="java.lang.String" name="1">1</object>
      <object class="java.lang.String" name="2">-I</object>
      <object class="java.lang.String" name="3">100</object>
      <object class="java.lang.String" name="4">-N</object>
      <object class="java.lang.String" name="5">0</object>
      <object class="java.lang.String" name="6">-V</object>
      <object class="java.lang.String" name="7">0</object>
      <object class="java.lang.String" name="8">-A</object>
      <object class="java.lang.String" name="9">10</object>
      <object class="java.lang.String" name="10">-U</object>
      <object class="java.lang.String" name="11">weka.classifiers.pla.addon.update.Pegasos -M 1.0E-4</object>
      <object class="java.lang.String" name="12">-G</object>
      <object class="java.lang.String" name="13">weka.classifiers.pla.addon.margin.UnevenMargin -N 1.0 -P 1.0</object>
      <object class="java.lang.String" name="14">-W</object>
      <object class="java.lang.String" name="15">weka.classifiers.pla.weight.DualForm -M 0.0 -T &quot;weka.classifiers.pla.addon.augment.RealNumber -N 0.0&quot; -B &quot;weka.classifiers.pla.addon.budget.JustRemove -B 2147483647 -S 1 -H 0&quot; -K &quot;weka.classifiers.functions.supportVector.PolyKernel -C 0 -E 1.0&quot;</object>
   </object>
</object>
<object class="weka.classifiers.pla.Perceptrovement" name="18">
   <object class="boolean" name="debug" primitive="yes">false</object>
   <object array="yes" class="java.lang.String" name="options">
      <object class="java.lang.String" name="0">-S</object>
      <object class="java.lang.String" name="1">1</object>
      <object class="java.lang.String" name="2">-I</object>
      <object class="java.lang.String" name="3">100</object>
      <object class="java.lang.String" name="4">-N</object>
      <object class="java.lang.String" name="5">0</object>
      <object class="java.lang.String" name="6">-V</object>
      <object class="java.lang.String" name="7">0</object>
      <object class="java.lang.String" name="8">-A</object>
      <object class="java.lang.String" name="9">2147483647</object>
      <object class="java.lang.String" name="10">-U</object>
      <object class="java.lang.String" name="11">weka.classifiers.pla.addon.update.Pegasos -M 1.0E-4</object>
      <object class="java.lang.String" name="12">-G</object>
      <object class="java.lang.String" name="13">weka.classifiers.pla.addon.margin.UnevenMargin -N 1.0 -P 1.0</object>
      <object class="java.lang.String" name="14">-W</object>
      <object class="java.lang.String" name="15">weka.classifiers.pla.weight.DualForm -M 0.0 -T &quot;weka.classifiers.pla.addon.augment.RealNumber -N 0.0&quot; -B &quot;weka.classifiers.pla.addon.budget.JustRemove -B 2147483647 -S 1 -H 0&quot; -K &quot;weka.classifiers.functions.supportVector.PolyKernel -C 0 -E 1.0&quot;</object>
   </object>
</object>
<object class="weka.classifiers.pla.Perceptrovement" name="19">
   <object class="boolean" name="debug" primitive="yes">false</object>
   <object array="yes" class="java.lang.String" name="options">
      <object class="java.lang.String" name="0">-S</object>
      <object class="java.lang.String" name="1">1</object>
      <object class="java.lang.String" name="2">-I</object>
      <object class="java.lang.String" name="3">100</object>
      <object class="java.lang.String" name="4">-N</object>
      <object class="java.lang.String" name="5">0</object>
      <object class="java.lang.String" name="6">-V</object>
      <object class="java.lang.String" name="7">0</object>
      <object class="java.lang.String" name="8">-A</object>
      <object class="java.lang.String" name="9">10</object>
      <object class="java.lang.String" name="10">-U</object>
      <object class="java.lang.String" name="11">weka.classifiers.pla.addon.update.Pegasos -M 1.0E-4</object>
      <object class="java.lang.String" name="12">-G</object>
      <object class="java.lang.String" name="13">weka.classifiers.pla.addon.margin.UnevenMargin -N 1.0 -P 1.0</object>
      <object class="java.lang.String" name="14">-W</object>
      <object class="java.lang.String" name="15">weka.classifiers.pla.weight.DualForm -M 1.0 -T &quot;weka.classifiers.pla.addon.augment.RealNumber -N 0.0&quot; -B &quot;weka.classifiers.pla.addon.budget.JustRemove -B 2147483647 -S 1 -H 0&quot; -K &quot;weka.classifiers.functions.supportVector.PolyKernel -C 0 -E 1.0&quot;</object>
   </object>
</object>
<object class="weka.classifiers.pla.Perceptrovement" name="20">
   <object class="boolean" name="debug" primitive="yes">false</object>
   <object array="yes" class="java.lang.String" name="options">
      <object class="java.lang.String" name="0">-S</object>
      <object class="java.lang.String" name="1">1</object>
      <object class="java.lang.String" name="2">-I</object>
      <object class="java.lang.String" name="3">100</object>
      <object class="java.lang.String" name="4">-N</object>
      <object class="java.lang.String" name="5">0</object>
      <object class="java.lang.String" name="6">-V</object>
      <object class="java.lang.String" name="7">0</object>
      <object class="java.lang.String" name="8">-A</object>
      <object class="java.lang.String" name="9">2147483647</object>
      <object class="java.lang.String" name="10">-U</object>
      <object class="java.lang.String" name="11">weka.classifiers.pla.addon.update.Pegasos -M 1.0E-4</object>
      <object class="java.lang.String" name="12">-G</object>
      <object class="java.lang.String" name="13">weka.classifiers.pla.addon.margin.UnevenMargin -N 1.0 -P 1.0</object>
      <object class="java.lang.String" name="14">-W</object>
      <object class="java.lang.String" name="15">weka.classifiers.pla.weight.DualForm -M 1.0 -T &quot;weka.classifiers.pla.addon.augment.RealNumber -N 0.0&quot; -B &quot;weka.classifiers.pla.addon.budget.JustRemove -B 2147483647 -S 1 -H 0&quot; -K &quot;weka.classifiers.functions.supportVector.PolyKernel -C 0 -E 1.0&quot;</object>
   </object>
</object>
<object class="weka.classifiers.pla.Perceptrovement" name="21">
   <object class="boolean" name="debug" primitive="yes">false</object>
   <object array="yes" class="java.lang.String" name="options">
      <object class="java.lang.String" name="0">-S</object>
      <object class="java.lang.String" name="1">1</object>
      <object class="java.lang.String" name="2">-I</object>
      <object class="java.lang.String" name="3">100</object>
      <object class="java.lang.String" name="4">-N</object>
      <object class="java.lang.String" name="5">0</object>
      <object class="java.lang.String" name="6">-V</object>
      <object class="java.lang.String" name="7">0</object>
      <object class="java.lang.String" name="8">-A</object>
      <object class="java.lang.String" name="9">10</object>
      <object class="java.lang.String" name="10">-U</object>
      <object class="java.lang.String" name="11">weka.classifiers.pla.addon.update.ConstantUpdate -L 1.0</object>
      <object class="java.lang.String" name="12">-G</object>
      <object class="java.lang.String" name="13">weka.classifiers.pla.addon.margin.MICRAMargin -E 0.0625 -B 1.0</object>
      <object class="java.lang.String" name="14">-W</object>
      <object class="java.lang.String" name="15">weka.classifiers.pla.weight.DualForm -M 0.0 -T &quot;weka.classifiers.pla.addon.augment.RealNumber -N 0.0&quot; -B &quot;weka.classifiers.pla.addon.budget.JustRemove -B 2147483647 -S 1 -H 0&quot; -K &quot;weka.classifiers.functions.supportVector.PolyKernel -C 0 -E 1.0&quot;</object>
   </object>
</object>
<object class="weka.classifiers.pla.Perceptrovement" name="22">
   <object class="boolean" name="debug" primitive="yes">false</object>
   <object array="yes" class="java.lang.String" name="options">
      <object class="java.lang.String" name="0">-S</object>
      <object class="java.lang.String" name="1">1</object>
      <object class="java.lang.String" name="2">-I</object>
      <object class="java.lang.String" name="3">100</object>
      <object class="java.lang.String" name="4">-N</object>
      <object class="java.lang.String" name="5">0</object>
      <object class="java.lang.String" name="6">-V</object>
      <object class="java.lang.String" name="7">0</object>
      <object class="java.lang.String" name="8">-A</object>
      <object class="java.lang.String" name="9">2147483647</object>
      <object class="java.lang.String" name="10">-U</object>
      <object class="java.lang.String" name="11">weka.classifiers.pla.addon.update.ConstantUpdate -L 1.0</object>
      <object class="java.lang.String" name="12">-G</object>
      <object class="java.lang.String" name="13">weka.classifiers.pla.addon.margin.MICRAMargin -E 0.0625 -B 1.0</object>
      <object class="java.lang.String" name="14">-W</object>
      <object class="java.lang.String" name="15">weka.classifiers.pla.weight.DualForm -M 0.0 -T &quot;weka.classifiers.pla.addon.augment.RealNumber -N 0.0&quot; -B &quot;weka.classifiers.pla.addon.budget.JustRemove -B 2147483647 -S 1 -H 0&quot; -K &quot;weka.classifiers.functions.supportVector.PolyKernel -C 0 -E 1.0&quot;</object>
   </object>
</object>
<object class="weka.classifiers.pla.Perceptrovement" name="23">
   <object class="boolean" name="debug" primitive="yes">false</object>
   <object array="yes" class="java.lang.String" name="options">
      <object class="java.lang.String" name="0">-S</object>
      <object class="java.lang.String" name="1">1</object>
      <object class="java.lang.String" name="2">-I</object>
      <object class="java.lang.String" name="3">100</object>
      <object class="java.lang.String" name="4">-N</object>
      <object class="java.lang.String" name="5">0</object>
      <object class="java.lang.String" name="6">-V</object>
      <object class="java.lang.String" name="7">0</object>
      <object class="java.lang.String" name="8">-A</object>
      <object class="java.lang.String" name="9">10</object>
      <object class="java.lang.String" name="10">-U</object>
      <object class="java.lang.String" name="11">weka.classifiers.pla.addon.update.ConstantUpdate -L 1.0</object>
      <object class="java.lang.String" name="12">-G</object>
      <object class="java.lang.String" name="13">weka.classifiers.pla.addon.margin.MICRAMargin -E 0.0625 -B 1.0</object>
      <object class="java.lang.String" name="14">-W</object>
      <object class="java.lang.String" name="15">weka.classifiers.pla.weight.DualForm -M 1.0 -T &quot;weka.classifiers.pla.addon.augment.RealNumber -N 0.0&quot; -B &quot;weka.classifiers.pla.addon.budget.JustRemove -B 2147483647 -S 1 -H 0&quot; -K &quot;weka.classifiers.functions.supportVector.PolyKernel -C 0 -E 1.0&quot;</object>
   </object>
</object>
<object class="weka.classifiers.pla.Perceptrovement" name="24">
   <object class="boolean" name="debug" primitive="yes">false</object>
   <object array="yes" class="java.lang.String" name="options">
      <object class="java.lang.String" name="0">-S</object>
      <object class="java.lang.String" name="1">1</object>
      <object class="java.lang.String" name="2">-I</object>
      <object class="java.lang.String" name="3">100</object>
      <object class="java.lang.String" name="4">-N</object>
      <object class="java.lang.String" name="5">0</object>
      <object class="java.lang.String" name="6">-V</object>
      <object class="java.lang.String" name="7">0</object>
      <object class="java.lang.String" name="8">-A</object>
      <object class="java.lang.String" name="9">2147483647</object>
      <object class="java.lang.String" name="10">-U</object>
      <object class="java.lang.String" name="11">weka.classifiers.pla.addon.update.ConstantUpdate -L 1.0</object>
      <object class="java.lang.String" name="12">-G</object>
      <object class="java.lang.String" name="13">weka.classifiers.pla.addon.margin.MICRAMargin -E 0.0625 -B 1.0</object>
      <object class="java.lang.String" name="14">-W</object>
      <object class="java.lang.String" name="15">weka.classifiers.pla.weight.DualForm -M 1.0 -T &quot;weka.classifiers.pla.addon.augment.RealNumber -N 0.0&quot; -B &quot;weka.classifiers.pla.addon.budget.JustRemove -B 2147483647 -S 1 -H 0&quot; -K &quot;weka.classifiers.functions.supportVector.PolyKernel -C 0 -E 1.0&quot;</object>
   </object>
</object>
<object class="weka.classifiers.pla.Perceptrovement" name="25">
   <object class="boolean" name="debug" primitive="yes">false</object>
   <object array="yes" class="java.lang.String" name="options">
      <object class="java.lang.String" name="0">-S</object>
      <object class="java.lang.String" name="1">1</object>
      <object class="java.lang.String" name="2">-I</object>
      <object class="java.lang.String" name="3">100</object>
      <object class="java.lang.String" name="4">-N</object>
      <object class="java.lang.String" name="5">0</object>
      <object class="java.lang.String" name="6">-V</object>
      <object class="java.lang.String" name="7">0</object>
      <object class="java.lang.String" name="8">-A</object>
      <object class="java.lang.String" name="9">10</object>
      <object class="java.lang.String" name="10">-U</object>
      <object class="java.lang.String" name="11">weka.classifiers.pla.addon.update.MICRAUpdate -L 2.0 -Z 0.875 -B 1.0 -D 0.0</object>
      <object class="java.lang.String" name="12">-G</object>
      <object class="java.lang.String" name="13">weka.classifiers.pla.addon.margin.MICRAMargin -E 0.0625 -B 1.0</object>
      <object class="java.lang.String" name="14">-W</object>
      <object class="java.lang.String" name="15">weka.classifiers.pla.weight.DualForm -M 0.0 -T &quot;weka.classifiers.pla.addon.augment.RealNumber -N 0.0&quot; -B &quot;weka.classifiers.pla.addon.budget.JustRemove -B 2147483647 -S 1 -H 0&quot; -K &quot;weka.classifiers.functions.supportVector.PolyKernel -C 0 -E 1.0&quot;</object>
   </object>
</object>
<object class="weka.classifiers.pla.Perceptrovement" name="26">
   <object class="boolean" name="debug" primitive="yes">false</object>
   <object array="yes" class="java.lang.String" name="options">
      <object class="java.lang.String" name="0">-S</object>
      <object class="java.lang.String" name="1">1</object>
      <object class="java.lang.String" name="2">-I</object>
      <object class="java.lang.String" name="3">100</object>
      <object class="java.lang.String" name="4">-N</object>
      <object class="java.lang.String" name="5">0</object>
      <object class="java.lang.String" name="6">-V</object>
      <object class="java.lang.String" name="7">0</object>
      <object class="java.lang.String" name="8">-A</object>
      <object class="java.lang.String" name="9">2147483647</object>
      <object class="java.lang.String" name="10">-U</object>
      <object class="java.lang.String" name="11">weka.classifiers.pla.addon.update.MICRAUpdate -L 2.0 -Z 0.875 -B 1.0 -D 0.0</object>
      <object class="java.lang.String" name="12">-G</object>
      <object class="java.lang.String" name="13">weka.classifiers.pla.addon.margin.MICRAMargin -E 0.0625 -B 1.0</object>
      <object class="java.lang.String" name="14">-W</object>
      <object class="java.lang.String" name="15">weka.classifiers.pla.weight.DualForm -M 0.0 -T &quot;weka.classifiers.pla.addon.augment.RealNumber -N 0.0&quot; -B &quot;weka.classifiers.pla.addon.budget.JustRemove -B 2147483647 -S 1 -H 0&quot; -K &quot;weka.classifiers.functions.supportVector.PolyKernel -C 0 -E 1.0&quot;</object>
   </object>
</object>
<object class="weka.classifiers.pla.Perceptrovement" name="27">
   <object class="boolean" name="debug" primitive="yes">false</object>
   <object array="yes" class="java.lang.String" name="options">
      <object class="java.lang.String" name="0">-S</object>
      <object class="java.lang.String" name="1">1</object>
      <object class="java.lang.String" name="2">-I</object>
      <object class="java.lang.String" name="3">100</object>
      <object class="java.lang.String" name="4">-N</object>
      <object class="java.lang.String" name="5">0</object>
      <object class="java.lang.String" name="6">-V</object>
      <object class="java.lang.String" name="7">0</object>
      <object class="java.lang.String" name="8">-A</object>
      <object class="java.lang.String" name="9">10</object>
      <object class="java.lang.String" name="10">-U</object>
      <object class="java.lang.String" name="11">weka.classifiers.pla.addon.update.MICRAUpdate -L 2.0 -Z 0.875 -B 1.0 -D 0.0</object>
      <object class="java.lang.String" name="12">-G</object>
      <object class="java.lang.String" name="13">weka.classifiers.pla.addon.margin.MICRAMargin -E 0.0625 -B 1.0</object>
      <object class="java.lang.String" name="14">-W</object>
      <object class="java.lang.String" name="15">weka.classifiers.pla.weight.DualForm -M 1.0 -T &quot;weka.classifiers.pla.addon.augment.RealNumber -N 0.0&quot; -B &quot;weka.classifiers.pla.addon.budget.JustRemove -B 2147483647 -S 1 -H 0&quot; -K &quot;weka.classifiers.functions.supportVector.PolyKernel -C 0 -E 1.0&quot;</object>
   </object>
</object>
<object class="weka.classifiers.pla.Perceptrovement" name="28">
   <object class="boolean" name="debug" primitive="yes">false</object>
   <object array="yes" class="java.lang.String" name="options">
      <object class="java.lang.String" name="0">-S</object>
      <object class="java.lang.String" name="1">1</object>
      <object class="java.lang.String" name="2">-I</object>
      <object class="java.lang.String" name="3">100</object>
      <object class="java.lang.String" name="4">-N</object>
      <object class="java.lang.String" name="5">0</object>
      <object class="java.lang.String" name="6">-V</object>
      <object class="java.lang.String" name="7">0</object>
      <object class="java.lang.String" name="8">-A</object>
      <object class="java.lang.String" name="9">2147483647</object>
      <object class="java.lang.String" name="10">-U</object>
      <object class="java.lang.String" name="11">weka.classifiers.pla.addon.update.MICRAUpdate -L 2.0 -Z 0.875 -B 1.0 -D 0.0</object>
      <object class="java.lang.String" name="12">-G</object>
      <object class="java.lang.String" name="13">weka.classifiers.pla.addon.margin.MICRAMargin -E 0.0625 -B 1.0</object>
      <object class="java.lang.String" name="14">-W</object>
      <object class="java.lang.String" name="15">weka.classifiers.pla.weight.DualForm -M 1.0 -T &quot;weka.classifiers.pla.addon.augment.RealNumber -N 0.0&quot; -B &quot;weka.classifiers.pla.addon.budget.JustRemove -B 2147483647 -S 1 -H 0&quot; -K &quot;weka.classifiers.functions.supportVector.PolyKernel -C 0 -E 1.0&quot;</object>
   </object>
</object>
<object class="weka.classifiers.pla.Perceptrovement" name="29">
   <object class="boolean" name="debug" primitive="yes">false</object>
   <object array="yes" class="java.lang.String" name="options">
      <object class="java.lang.String" name="0">-S</object>
      <object class="java.lang.String" name="1">1</object>
      <object class="java.lang.String" name="2">-I</object>
      <object class="java.lang.String" name="3">100</object>
      <object class="java.lang.String" name="4">-N</object>
      <object class="java.lang.String" name="5">0</object>
      <object class="java.lang.String" name="6">-V</object>
      <object class="java.lang.String" name="7">0</object>
      <object class="java.lang.String" name="8">-A</object>
      <object class="java.lang.String" name="9">10</object>
      <object class="java.lang.String" name="10">-U</object>
      <object class="java.lang.String" name="11">weka.classifiers.pla.addon.update.PAUpdate -C Infinity -V 0</object>
      <object class="java.lang.String" name="12">-G</object>
      <object class="java.lang.String" name="13">weka.classifiers.pla.addon.margin.MICRAMargin -E 0.0625 -B 1.0</object>
      <object class="java.lang.String" name="14">-W</object>
      <object class="java.lang.String" name="15">weka.classifiers.pla.weight.DualForm -M 0.0 -T &quot;weka.classifiers.pla.addon.augment.RealNumber -N 0.0&quot; -B &quot;weka.classifiers.pla.addon.budget.JustRemove -B 2147483647 -S 1 -H 0&quot; -K &quot;weka.classifiers.functions.supportVector.PolyKernel -C 0 -E 1.0&quot;</object>
   </object>
</object>
<object class="weka.classifiers.pla.Perceptrovement" name="30">
   <object class="boolean" name="debug" primitive="yes">false</object>
   <object array="yes" class="java.lang.String" name="options">
      <object class="java.lang.String" name="0">-S</object>
      <object class="java.lang.String" name="1">1</object>
      <object class="java.lang.String" name="2">-I</object>
      <object class="java.lang.String" name="3">100</object>
      <object class="java.lang.String" name="4">-N</object>
      <object class="java.lang.String" name="5">0</object>
      <object class="java.lang.String" name="6">-V</object>
      <object class="java.lang.String" name="7">0</object>
      <object class="java.lang.String" name="8">-A</object>
      <object class="java.lang.String" name="9">2147483647</object>
      <object class="java.lang.String" name="10">-U</object>
      <object class="java.lang.String" name="11">weka.classifiers.pla.addon.update.PAUpdate -C Infinity -V 0</object>
      <object class="java.lang.String" name="12">-G</object>
      <object class="java.lang.String" name="13">weka.classifiers.pla.addon.margin.MICRAMargin -E 0.0625 -B 1.0</object>
      <object class="java.lang.String" name="14">-W</object>
      <object class="java.lang.String" name="15">weka.classifiers.pla.weight.DualForm -M 0.0 -T &quot;weka.classifiers.pla.addon.augment.RealNumber -N 0.0&quot; -B &quot;weka.classifiers.pla.addon.budget.JustRemove -B 2147483647 -S 1 -H 0&quot; -K &quot;weka.classifiers.functions.supportVector.PolyKernel -C 0 -E 1.0&quot;</object>
   </object>
</object>
<object class="weka.classifiers.pla.Perceptrovement" name="31">
   <object class="boolean" name="debug" primitive="yes">false</object>
   <object array="yes" class="java.lang.String" name="options">
      <object class="java.lang.String" name="0">-S</object>
      <object class="java.lang.String" name="1">1</object>
      <object class="java.lang.String" name="2">-I</object>
      <object class="java.lang.String" name="3">100</object>
      <object class="java.lang.String" name="4">-N</object>
      <object class="java.lang.String" name="5">0</object>
      <object class="java.lang.String" name="6">-V</object>
      <object class="java.lang.String" name="7">0</object>
      <object class="java.lang.String" name="8">-A</object>
      <object class="java.lang.String" name="9">10</object>
      <object class="java.lang.String" name="10">-U</object>
      <object class="java.lang.String" name="11">weka.classifiers.pla.addon.update.PAUpdate -C Infinity -V 0</object>
      <object class="java.lang.String" name="12">-G</object>
      <object class="java.lang.String" name="13">weka.classifiers.pla.addon.margin.MICRAMargin -E 0.0625 -B 1.0</object>
      <object class="java.lang.String" name="14">-W</object>
      <object class="java.lang.String" name="15">weka.classifiers.pla.weight.DualForm -M 1.0 -T &quot;weka.classifiers.pla.addon.augment.RealNumber -N 0.0&quot; -B &quot;weka.classifiers.pla.addon.budget.JustRemove -B 2147483647 -S 1 -H 0&quot; -K &quot;weka.classifiers.functions.supportVector.PolyKernel -C 0 -E 1.0&quot;</object>
   </object>
</object>
<object class="weka.classifiers.pla.Perceptrovement" name="32">
   <object class="boolean" name="debug" primitive="yes">false</object>
   <object array="yes" class="java.lang.String" name="options">
      <object class="java.lang.String" name="0">-S</object>
      <object class="java.lang.String" name="1">1</object>
      <object class="java.lang.String" name="2">-I</object>
      <object class="java.lang.String" name="3">100</object>
      <object class="java.lang.String" name="4">-N</object>
      <object class="java.lang.String" name="5">0</object>
      <object class="java.lang.String" name="6">-V</object>
      <object class="java.lang.String" name="7">0</object>
      <object class="java.lang.String" name="8">-A</object>
      <object class="java.lang.String" name="9">2147483647</object>
      <object class="java.lang.String" name="10">-U</object>
      <object class="java.lang.String" name="11">weka.classifiers.pla.addon.update.PAUpdate -C Infinity -V 0</object>
      <object class="java.lang.String" name="12">-G</object>
      <object class="java.lang.String" name="13">weka.classifiers.pla.addon.margin.MICRAMargin -E 0.0625 -B 1.0</object>
      <object class="java.lang.String" name="14">-W</object>
      <object class="java.lang.String" name="15">weka.classifiers.pla.weight.DualForm -M 1.0 -T &quot;weka.classifiers.pla.addon.augment.RealNumber -N 0.0&quot; -B &quot;weka.classifiers.pla.addon.budget.JustRemove -B 2147483647 -S 1 -H 0&quot; -K &quot;weka.classifiers.functions.supportVector.PolyKernel -C 0 -E 1.0&quot;</object>
   </object>
</object>
<object class="weka.classifiers.pla.Perceptrovement" name="33">
   <object class="boolean" name="debug" primitive="yes">false</object>
   <object array="yes" class="java.lang.String" name="options">
      <object class="java.lang.String" name="0">-S</object>
      <object class="java.lang.String" name="1">1</object>
      <object class="java.lang.String" name="2">-I</object>
      <object class="java.lang.String" name="3">100</object>
      <object class="java.lang.String" name="4">-N</object>
      <object class="java.lang.String" name="5">0</object>
      <object class="java.lang.String" name="6">-V</object>
      <object class="java.lang.String" name="7">0</object>
      <object class="java.lang.String" name="8">-A</object>
      <object class="java.lang.String" name="9">10</object>
      <object class="java.lang.String" name="10">-U</object>
      <object class="java.lang.String" name="11">weka.classifiers.pla.addon.update.PAUpdate -C 0.0010 -V 0</object>
      <object class="java.lang.String" name="12">-G</object>
      <object class="java.lang.String" name="13">weka.classifiers.pla.addon.margin.MICRAMargin -E 0.0625 -B 1.0</object>
      <object class="java.lang.String" name="14">-W</object>
      <object class="java.lang.String" name="15">weka.classifiers.pla.weight.DualForm -M 0.0 -T &quot;weka.classifiers.pla.addon.augment.RealNumber -N 0.0&quot; -B &quot;weka.classifiers.pla.addon.budget.JustRemove -B 2147483647 -S 1 -H 0&quot; -K &quot;weka.classifiers.functions.supportVector.PolyKernel -C 0 -E 1.0&quot;</object>
   </object>
</object>
<object class="weka.classifiers.pla.Perceptrovement" name="34">
   <object class="boolean" name="debug" primitive="yes">false</object>
   <object array="yes" class="java.lang.String" name="options">
      <object class="java.lang.String" name="0">-S</object>
      <object class="java.lang.String" name="1">1</object>
      <object class="java.lang.String" name="2">-I</object>
      <object class="java.lang.String" name="3">100</object>
      <object class="java.lang.String" name="4">-N</object>
      <object class="java.lang.String" name="5">0</object>
      <object class="java.lang.String" name="6">-V</object>
      <object class="java.lang.String" name="7">0</object>
      <object class="java.lang.String" name="8">-A</object>
      <object class="java.lang.String" name="9">2147483647</object>
      <object class="java.lang.String" name="10">-U</object>
      <object class="java.lang.String" name="11">weka.classifiers.pla.addon.update.PAUpdate -C 0.0010 -V 0</object>
      <object class="java.lang.String" name="12">-G</object>
      <object class="java.lang.String" name="13">weka.classifiers.pla.addon.margin.MICRAMargin -E 0.0625 -B 1.0</object>
      <object class="java.lang.String" name="14">-W</object>
      <object class="java.lang.String" name="15">weka.classifiers.pla.weight.DualForm -M 0.0 -T &quot;weka.classifiers.pla.addon.augment.RealNumber -N 0.0&quot; -B &quot;weka.classifiers.pla.addon.budget.JustRemove -B 2147483647 -S 1 -H 0&quot; -K &quot;weka.classifiers.functions.supportVector.PolyKernel -C 0 -E 1.0&quot;</object>
   </object>
</object>
<object class="weka.classifiers.pla.Perceptrovement" name="35">
   <object class="boolean" name="debug" primitive="yes">false</object>
   <object array="yes" class="java.lang.String" name="options">
      <object class="java.lang.String" name="0">-S</object>
      <object class="java.lang.String" name="1">1</object>
      <object class="java.lang.String" name="2">-I</object>
      <object class="java.lang.String" name="3">100</object>
      <object class="java.lang.String" name="4">-N</object>
      <object class="java.lang.String" name="5">0</object>
      <object class="java.lang.String" name="6">-V</object>
      <object class="java.lang.String" name="7">0</object>
      <object class="java.lang.String" name="8">-A</object>
      <object class="java.lang.String" name="9">10</object>
      <object class="java.lang.String" name="10">-U</object>
      <object class="java.lang.String" name="11">weka.classifiers.pla.addon.update.PAUpdate -C 0.0010 -V 0</object>
      <object class="java.lang.String" name="12">-G</object>
      <object class="java.lang.String" name="13">weka.classifiers.pla.addon.margin.MICRAMargin -E 0.0625 -B 1.0</object>
      <object class="java.lang.String" name="14">-W</object>
      <object class="java.lang.String" name="15">weka.classifiers.pla.weight.DualForm -M 1.0 -T &quot;weka.classifiers.pla.addon.augment.RealNumber -N 0.0&quot; -B &quot;weka.classifiers.pla.addon.budget.JustRemove -B 2147483647 -S 1 -H 0&quot; -K &quot;weka.classifiers.functions.supportVector.PolyKernel -C 0 -E 1.0&quot;</object>
   </object>
</object>
<object class="weka.classifiers.pla.Perceptrovement" name="36">
   <object class="boolean" name="debug" primitive="yes">false</object>
   <object array="yes" class="java.lang.String" name="options">
      <object class="java.lang.String" name="0">-S</object>
      <object class="java.lang.String" name="1">1</object>
      <object class="java.lang.String" name="2">-I</object>
      <object class="java.lang.String" name="3">100</object>
      <object class="java.lang.String" name="4">-N</object>
      <object class="java.lang.String" name="5">0</object>
      <object class="java.lang.String" name="6">-V</object>
      <object class="java.lang.String" name="7">0</object>
      <object class="java.lang.String" name="8">-A</object>
      <object class="java.lang.String" name="9">2147483647</object>
      <object class="java.lang.String" name="10">-U</object>
      <object class="java.lang.String" name="11">weka.classifiers.pla.addon.update.PAUpdate -C 0.0010 -V 0</object>
      <object class="java.lang.String" name="12">-G</object>
      <object class="java.lang.String" name="13">weka.classifiers.pla.addon.margin.MICRAMargin -E 0.0625 -B 1.0</object>
      <object class="java.lang.String" name="14">-W</object>
      <object class="java.lang.String" name="15">weka.classifiers.pla.weight.DualForm -M 1.0 -T &quot;weka.classifiers.pla.addon.augment.RealNumber -N 0.0&quot; -B &quot;weka.classifiers.pla.addon.budget.JustRemove -B 2147483647 -S 1 -H 0&quot; -K &quot;weka.classifiers.functions.supportVector.PolyKernel -C 0 -E 1.0&quot;</object>
   </object>
</object>
<object class="weka.classifiers.pla.Perceptrovement" name="37">
   <object class="boolean" name="debug" primitive="yes">false</object>
   <object array="yes" class="java.lang.String" name="options">
      <object class="java.lang.String" name="0">-S</object>
      <object class="java.lang.String" name="1">1</object>
      <object class="java.lang.String" name="2">-I</object>
      <object class="java.lang.String" name="3">100</object>
      <object class="java.lang.String" name="4">-N</object>
      <object class="java.lang.String" name="5">0</object>
      <object class="java.lang.String" name="6">-V</object>
      <object class="java.lang.String" name="7">0</object>
      <object class="java.lang.String" name="8">-A</object>
      <object class="java.lang.String" name="9">10</object>
      <object class="java.lang.String" name="10">-U</object>
      <object class="java.lang.String" name="11">weka.classifiers.pla.addon.update.Pegasos -M 1.0E-4</object>
      <object class="java.lang.String" name="12">-G</object>
      <object class="java.lang.String" name="13">weka.classifiers.pla.addon.margin.MICRAMargin -E 0.0625 -B 1.0</object>
      <object class="java.lang.String" name="14">-W</object>
      <object class="java.lang.String" name="15">weka.classifiers.pla.weight.DualForm -M 0.0 -T &quot;weka.classifiers.pla.addon.augment.RealNumber -N 0.0&quot; -B &quot;weka.classifiers.pla.addon.budget.JustRemove -B 2147483647 -S 1 -H 0&quot; -K &quot;weka.classifiers.functions.supportVector.PolyKernel -C 0 -E 1.0&quot;</object>
   </object>
</object>
<object class="weka.classifiers.pla.Perceptrovement" name="38">
   <object class="boolean" name="debug" primitive="yes">false</object>
   <object array="yes" class="java.lang.String" name="options">
      <object class="java.lang.String" name="0">-S</object>
      <object class="java.lang.String" name="1">1</object>
      <object class="java.lang.String" name="2">-I</object>
      <object class="java.lang.String" name="3">100</object>
      <object class="java.lang.String" name="4">-N</object>
      <object class="java.lang.String" name="5">0</object>
      <object class="java.lang.String" name="6">-V</object>
      <object class="java.lang.String" name="7">0</object>
      <object class="java.lang.String" name="8">-A</object>
      <object class="java.lang.String" name="9">2147483647</object>
      <object class="java.lang.String" name="10">-U</object>
      <object class="java.lang.String" name="11">weka.classifiers.pla.addon.update.Pegasos -M 1.0E-4</object>
      <object class="java.lang.String" name="12">-G</object>
      <object class="java.lang.String" name="13">weka.classifiers.pla.addon.margin.MICRAMargin -E 0.0625 -B 1.0</object>
      <object class="java.lang.String" name="14">-W</object>
      <object class="java.lang.String" name="15">weka.classifiers.pla.weight.DualForm -M 0.0 -T &quot;weka.classifiers.pla.addon.augment.RealNumber -N 0.0&quot; -B &quot;weka.classifiers.pla.addon.budget.JustRemove -B 2147483647 -S 1 -H 0&quot; -K &quot;weka.classifiers.functions.supportVector.PolyKernel -C 0 -E 1.0&quot;</object>
   </object>
</object>
<object class="weka.classifiers.pla.Perceptrovement" name="39">
   <object class="boolean" name="debug" primitive="yes">false</object>
   <object array="yes" class="java.lang.String" name="options">
      <object class="java.lang.String" name="0">-S</object>
      <object class="java.lang.String" name="1">1</object>
      <object class="java.lang.String" name="2">-I</object>
      <object class="java.lang.String" name="3">100</object>
      <object class="java.lang.String" name="4">-N</object>
      <object class="java.lang.String" name="5">0</object>
      <object class="java.lang.String" name="6">-V</object>
      <object class="java.lang.String" name="7">0</object>
      <object class="java.lang.String" name="8">-A</object>
      <object class="java.lang.String" name="9">10</object>
      <object class="java.lang.String" name="10">-U</object>
      <object class="java.lang.String" name="11">weka.classifiers.pla.addon.update.Pegasos -M 1.0E-4</object>
      <object class="java.lang.String" name="12">-G</object>
      <object class="java.lang.String" name="13">weka.classifiers.pla.addon.margin.MICRAMargin -E 0.0625 -B 1.0</object>
      <object class="java.lang.String" name="14">-W</object>
      <object class="java.lang.String" name="15">weka.classifiers.pla.weight.DualForm -M 1.0 -T &quot;weka.classifiers.pla.addon.augment.RealNumber -N 0.0&quot; -B &quot;weka.classifiers.pla.addon.budget.JustRemove -B 2147483647 -S 1 -H 0&quot; -K &quot;weka.classifiers.functions.supportVector.PolyKernel -C 0 -E 1.0&quot;</object>
   </object>
</object>
<object class="weka.classifiers.pla.Perceptrovement" name="40">
   <object class="boolean" name="debug" primitive="yes">false</object>
   <object array="yes" class="java.lang.String" name="options">
      <object class="java.lang.String" name="0">-S</object>
      <object class="java.lang.String" name="1">1</object>
      <object class="java.lang.String" name="2">-I</object>
      <object class="java.lang.String" name="3">100</object>
      <object class="java.lang.String" name="4">-N</object>
      <object class="java.lang.String" name="5">0</object>
      <object class="java.lang.String" name="6">-V</object>
      <object class="java.lang.String" name="7">0</object>
      <object class="java.lang.String" name="8">-A</object>
      <object class="java.lang.String" name="9">2147483647</object>
      <object class="java.lang.String" name="10">-U</object>
      <object class="java.lang.String" name="11">weka.classifiers.pla.addon.update.Pegasos -M 1.0E-4</object>
      <object class="java.lang.String" name="12">-G</object>
      <object class="java.lang.String" name="13">weka.classifiers.pla.addon.margin.MICRAMargin -E 0.0625 -B 1.0</object>
      <object class="java.lang.String" name="14">-W</object>
      <object class="java.lang.String" name="15">weka.classifiers.pla.weight.DualForm -M 1.0 -T &quot;weka.classifiers.pla.addon.augment.RealNumber -N 0.0&quot; -B &quot;weka.classifiers.pla.addon.budget.JustRemove -B 2147483647 -S 1 -H 0&quot; -K &quot;weka.classifiers.functions.supportVector.PolyKernel -C 0 -E 1.0&quot;</object>
   </object>
</object>
   </object>
   <object class="javax.swing.DefaultListModel" name="datasets">
      <object class="java.io.File" name="0">data/crammer/org.arff</object>
      <object class="java.io.File" name="1">data/crammer/noisy_data.arff</object>
      <object class="java.io.File" name="2">data/crammer/noisy_class.arff</object>
      <object class="java.io.File" name="3">data/crammer/noisy.arff</object>
   </object>
   <object class="int" name="runUpper" primitive="yes">10</object>
   <object class="weka.experiment.AveragingResultProducer" name="resultProducer">
      <object array="yes" class="java.lang.String" name="options">
         <object class="java.lang.String" name="0">-F</object>
         <object class="java.lang.String" name="1">Fold</object>
         <object class="java.lang.String" name="2">-X</object>
         <object class="java.lang.String" name="3">10</object>
         <object class="java.lang.String" name="4">-W</object>
         <object class="java.lang.String" name="5">weka.experiment.CrossValidationResultProducer</object>
         <object class="java.lang.String" name="6">--</object>
         <object class="java.lang.String" name="7">-X</object>
         <object class="java.lang.String" name="8">10</object>
         <object class="java.lang.String" name="9">-O</object>
         <object class="java.lang.String" name="10">splitEvalutorOut.zip</object>
         <object class="java.lang.String" name="11">-W</object>
         <object class="java.lang.String" name="12">weka.experiment.ClassifierSplitEvaluator</object>
         <object class="java.lang.String" name="13">--</object>
         <object class="java.lang.String" name="14">-W</object>
         <object class="java.lang.String" name="15">weka.classifiers.functions.LibSVM</object>
         <object class="java.lang.String" name="16">-I</object>
         <object class="java.lang.String" name="17">0</object>
         <object class="java.lang.String" name="18">-C</object>
         <object class="java.lang.String" name="19">1</object>
         <object class="java.lang.String" name="20">--</object>
         <object class="java.lang.String" name="21">-S</object>
         <object class="java.lang.String" name="22">0</object>
         <object class="java.lang.String" name="23">-K</object>
         <object class="java.lang.String" name="24">0</object>
         <object class="java.lang.String" name="25">-D</object>
         <object class="java.lang.String" name="26">3</object>
         <object class="java.lang.String" name="27">-G</object>
         <object class="java.lang.String" name="28">0.0</object>
         <object class="java.lang.String" name="29">-R</object>
         <object class="java.lang.String" name="30">0.0</object>
         <object class="java.lang.String" name="31">-N</object>
         <object class="java.lang.String" name="32">0.5</object>
         <object class="java.lang.String" name="33">-M</object>
         <object class="java.lang.String" name="34">40.0</object>
         <object class="java.lang.String" name="35">-C</object>
         <object class="java.lang.String" name="36">1.0</object>
         <object class="java.lang.String" name="37">-E</object>
         <object class="java.lang.String" name="38">0.001</object>
         <object class="java.lang.String" name="39">-P</object>
         <object class="java.lang.String" name="40">0.1</object>
         <object class="java.lang.String" name="41"/>
         <object class="java.lang.String" name="42"/>
         <object class="java.lang.String" name="43"/>
      </object>
   </object>
   <object class="boolean" name="usePropertyIterator" primitive="yes">true</object>
   <object array="yes" class="weka.experiment.PropertyNode" name="propertyPath">
      <object array="no" class="weka.experiment.PropertyNode" name="0" primitive="no">
         <object class="weka.experiment.CrossValidationResultProducer" name="value">
            <object array="yes" class="java.lang.String" name="options">
               <object class="java.lang.String" name="0">-X</object>
               <object class="java.lang.String" name="1">10</object>
               <object class="java.lang.String" name="2">-O</object>
               <object class="java.lang.String" name="3">splitEvalutorOut.zip</object>
               <object class="java.lang.String" name="4">-W</object>
               <object class="java.lang.String" name="5">weka.experiment.ClassifierSplitEvaluator</object>
               <object class="java.lang.String" name="6">--</object>
               <object class="java.lang.String" name="7">-W</object>
               <object class="java.lang.String" name="8">weka.classifiers.functions.LibSVM</object>
               <object class="java.lang.String" name="9">-I</object>
               <object class="java.lang.String" name="10">0</object>
               <object class="java.lang.String" name="11">-C</object>
               <object class="java.lang.String" name="12">1</object>
               <object class="java.lang.String" name="13">--</object>
               <object class="java.lang.String" name="14">-S</object>
               <object class="java.lang.String" name="15">0</object>
               <object class="java.lang.String" name="16">-K</object>
               <object class="java.lang.String" name="17">0</object>
               <object class="java.lang.String" name="18">-D</object>
               <object class="java.lang.String" name="19">3</object>
               <object class="java.lang.String" name="20">-G</object>
               <object class="java.lang.String" name="21">0.0</object>
               <object class="java.lang.String" name="22">-R</object>
               <object class="java.lang.String" name="23">0.0</object>
               <object class="java.lang.String" name="24">-N</object>
               <object class="java.lang.String" name="25">0.5</object>
               <object class="java.lang.String" name="26">-M</object>
               <object class="java.lang.String" name="27">40.0</object>
               <object class="java.lang.String" name="28">-C</object>
               <object class="java.lang.String" name="29">1.0</object>
               <object class="java.lang.String" name="30">-E</object>
               <object class="java.lang.String" name="31">0.001</object>
               <object class="java.lang.String" name="32">-P</object>
               <object class="java.lang.String" name="33">0.1</object>
               <object class="java.lang.String" name="34"/>
               <object class="java.lang.String" name="35"/>
            </object>
         </object>
         <object class="java.lang.String" name="parentClass">weka.experiment.AveragingResultProducer</object>
         <object class="java.lang.String" name="property">resultProducer</object>
      </object>
      <object array="no" class="weka.experiment.PropertyNode" name="1" primitive="no">
         <object class="weka.experiment.ClassifierSplitEvaluator" name="value">
            <object array="yes" class="java.lang.String" name="options">
               <object class="java.lang.String" name="0">-W</object>
               <object class="java.lang.String" name="1">weka.classifiers.functions.LibSVM</object>
               <object class="java.lang.String" name="2">-I</object>
               <object class="java.lang.String" name="3">0</object>
               <object class="java.lang.String" name="4">-C</object>
               <object class="java.lang.String" name="5">1</object>
               <object class="java.lang.String" name="6">--</object>
               <object class="java.lang.String" name="7">-S</object>
               <object class="java.lang.String" name="8">0</object>
               <object class="java.lang.String" name="9">-K</object>
               <object class="java.lang.String" name="10">0</object>
               <object class="java.lang.String" name="11">-D</object>
               <object class="java.lang.String" name="12">3</object>
               <object class="java.lang.String" name="13">-G</object>
               <object class="java.lang.String" name="14">0.0</object>
               <object class="java.lang.String" name="15">-R</object>
               <object class="java.lang.String" name="16">0.0</object>
               <object class="java.lang.String" name="17">-N</object>
               <object class="java.lang.String" name="18">0.5</object>
               <object class="java.lang.String" name="19">-M</object>
               <object class="java.lang.String" name="20">40.0</object>
               <object class="java.lang.String" name="21">-C</object>
               <object class="java.lang.String" name="22">1.0</object>
               <object class="java.lang.String" name="23">-E</object>
               <object class="java.lang.String" name="24">0.001</object>
               <object class="java.lang.String" name="25">-P</object>
               <object class="java.lang.String" name="26">0.1</object>
               <object class="java.lang.String" name="27"/>
            </object>
         </object>
         <object class="java.lang.String" name="parentClass">weka.experiment.CrossValidationResultProducer</object>
         <object class="java.lang.String" name="property">splitEvaluator</object>
      </object>
      <object array="no" class="weka.experiment.PropertyNode" name="2" primitive="no">
         <object class="weka.classifiers.functions.LibSVM" name="value">
            <object class="boolean" name="debug" primitive="yes">false</object>
            <object array="yes" class="java.lang.String" name="options">
               <object class="java.lang.String" name="0">-S</object>
               <object class="java.lang.String" name="1">0</object>
               <object class="java.lang.String" name="2">-K</object>
               <object class="java.lang.String" name="3">0</object>
               <object class="java.lang.String" name="4">-D</object>
               <object class="java.lang.String" name="5">3</object>
               <object class="java.lang.String" name="6">-G</object>
               <object class="java.lang.String" name="7">0.0</object>
               <object class="java.lang.String" name="8">-R</object>
               <object class="java.lang.String" name="9">0.0</object>
               <object class="java.lang.String" name="10">-N</object>
               <object class="java.lang.String" name="11">0.5</object>
               <object class="java.lang.String" name="12">-M</object>
               <object class="java.lang.String" name="13">40.0</object>
               <object class="java.lang.String" name="14">-C</object>
               <object class="java.lang.String" name="15">1.0</object>
               <object class="java.lang.String" name="16">-E</object>
               <object class="java.lang.String" name="17">0.001</object>
               <object class="java.lang.String" name="18">-P</object>
               <object class="java.lang.String" name="19">0.1</object>
            </object>
         </object>
         <object class="java.lang.String" name="parentClass">weka.experiment.ClassifierSplitEvaluator</object>
         <object class="java.lang.String" name="property">classifier</object>
      </object>
   </object>
   <object class="java.lang.String" name="notes"/>
   <object class="weka.experiment.DatabaseResultListener" name="resultListener">
      <object class="java.lang.String" name="keywordsMaskChar">_</object>
      <object class="java.lang.String" name="cacheKeyName"/>
      <object class="boolean" name="debug" primitive="yes">false</object>
      <object class="java.lang.String" name="password"></object>
      <object class="java.lang.String" name="keywords">ABORT,ABS,ABSOLUTE,ACCESS,ACTION,ADA,ADD,ADMIN,AFTER,AGGREGATE,ALIAS,ALL,ALLOCATE,ALTER,ANALYSE,ANALYZE,AND,ANY,ARE,ARRAY,AS,ASC,ASENSITIVE,ASSERTION,ASSIGNMENT,ASYMMETRIC,AT,ATOMIC,AUTHORIZATION,AVG,BACKWARD,BEFORE,BEGIN,BETWEEN,BIGINT,BINARY,BIT,BITVAR,BIT_LENGTH,BLOB,BOOLEAN,BOTH,BREADTH,BY,C,CACHE,CALL,CALLED,CARDINALITY,CASCADE,CASCADED,CASE,CAST,CATALOG,CATALOG_NAME,CHAIN,CHAR,CHARACTER,CHARACTERISTICS,CHARACTER_LENGTH,CHARACTER_SET_CATALOG,CHARACTER_SET_NAME,CHARACTER_SET_SCHEMA,CHAR_LENGTH,CHECK,CHECKED,CHECKPOINT,CLASS,CLASS_ORIGIN,CLOB,CLOSE,CLUSTER,COALESCE,COBOL,COLLATE,COLLATION,COLLATION_CATALOG,COLLATION_NAME,COLLATION_SCHEMA,COLUMN,COLUMN_NAME,COMMAND_FUNCTION,COMMAND_FUNCTION_CODE,COMMENT,COMMIT,COMMITTED,COMPLETION,CONDITION_NUMBER,CONNECT,CONNECTION,CONNECTION_NAME,CONSTRAINT,CONSTRAINTS,CONSTRAINT_CATALOG,CONSTRAINT_NAME,CONSTRAINT_SCHEMA,CONSTRUCTOR,CONTAINS,CONTINUE,CONVERSION,CONVERT,COPY,CORRESPONDING,COUNT,CREATE,CREATEDB,CREATEUSER,CROSS,CUBE,CURRENT,CURRENT_DATE,CURRENT_PATH,CURRENT_ROLE,CURRENT_TIME,CURRENT_TIMESTAMP,CURRENT_USER,CURSOR,CURSOR_NAME,CYCLE,DATA,DATABASE,DATE,DATETIME_INTERVAL_CODE,DATETIME_INTERVAL_PRECISION,DAY,DEALLOCATE,DEC,DECIMAL,DECLARE,DEFAULT,DEFAULTS,DEFERRABLE,DEFERRED,DEFINED,DEFINER,DELETE,DELIMITER,DELIMITERS,DEPTH,DEREF,DESC,DESCRIBE,DESCRIPTOR,DESTROY,DESTRUCTOR,DETERMINISTIC,DIAGNOSTICS,DICTIONARY,DISCONNECT,DISPATCH,DISTINCT,DO,DOMAIN,DOUBLE,DROP,DYNAMIC,DYNAMIC_FUNCTION,DYNAMIC_FUNCTION_CODE,EACH,ELSE,ENCODING,ENCRYPTED,END,END-EXEC,EQUALS,ESCAPE,EVERY,EXCEPT,EXCEPTION,EXCLUDING,EXCLUSIVE,EXEC,EXECUTE,EXISTING,EXISTS,EXPLAIN,EXTERNAL,EXTRACT,FALSE,FETCH,FINAL,FIRST,FLOAT,FOR,FORCE,FOREIGN,FORTRAN,FORWARD,FOUND,FREE,FREEZE,FROM,FULL,FUNCTION,G,GENERAL,GENERATED,GET,GLOBAL,GO,GOTO,GRANT,GRANTED,GROUP,GROUPING,HANDLER,HAVING,HIERARCHY,HOLD,HOST,HOUR,IDENTITY,IGNORE,ILIKE,IMMEDIATE,IMMUTABLE,IMPLEMENTATION,IMPLICIT,IN,INCLUDING,INCREMENT,INDEX,INDICATOR,INFIX,INHERITS,INITIALIZE,INITIALLY,INNER,INOUT,INPUT,INSENSITIVE,INSERT,INSTANCE,INSTANTIABLE,INSTEAD,INT,INTEGER,INTERSECT,INTERVAL,INTO,INVOKER,IS,ISNULL,ISOLATION,ITERATE,JOIN,K,KEY,KEY_MEMBER,KEY_TYPE,LANCOMPILER,LANGUAGE,LARGE,LAST,LATERAL,LEADING,LEFT,LENGTH,LESS,LEVEL,LIKE,LIMIT,LISTEN,LOAD,LOCAL,LOCALTIME,LOCALTIMESTAMP,LOCATION,LOCATOR,LOCK,LOWER,M,MAP,MATCH,MAX,MAXVALUE,MESSAGE_LENGTH,MESSAGE_OCTET_LENGTH,MESSAGE_TEXT,METHOD,MIN,MINUTE,MINVALUE,MOD,MODE,MODIFIES,MODIFY,MODULE,MONTH,MORE,MOVE,MUMPS,NAME,NAMES,NATIONAL,NATURAL,NCHAR,NCLOB,NEW,NEXT,NO,NOCREATEDB,NOCREATEUSER,NONE,NOT,NOTHING,NOTIFY,NOTNULL,NULL,NULLABLE,NULLIF,NUMBER,NUMERIC,OBJECT,OCTET_LENGTH,OF,OFF,OFFSET,OIDS,OLD,ON,ONLY,OPEN,OPERATION,OPERATOR,OPTION,OPTIONS,OR,ORDER,ORDINALITY,OUT,OUTER,OUTPUT,OVERLAPS,OVERLAY,OVERRIDING,OWNER,PAD,PARAMETER,PARAMETERS,PARAMETER_MODE,PARAMETER_NAME,PARAMETER_ORDINAL_POSITION,PARAMETER_SPECIFIC_CATALOG,PARAMETER_SPECIFIC_NAME,PARAMETER_SPECIFIC_SCHEMA,PARTIAL,PASCAL,PASSWORD,PATH,PENDANT,PLACING,PLI,POSITION,POSTFIX,PRECISION,PREFIX,PREORDER,PREPARE,PRESERVE,PRIMARY,PRIOR,PRIVILEGES,PROCEDURAL,PROCEDURE,PUBLIC,READ,READS,REAL,RECHECK,RECURSIVE,REF,REFERENCES,REFERENCING,REINDEX,RELATIVE,RENAME,REPEATABLE,REPLACE,RESET,RESTART,RESTRICT,RESULT,RETURN,RETURNED_LENGTH,RETURNED_OCTET_LENGTH,RETURNED_SQLSTATE,RETURNS,REVOKE,RIGHT,ROLE,ROLLBACK,ROLLUP,ROUTINE,ROUTINE_CATALOG,ROUTINE_NAME,ROUTINE_SCHEMA,ROW,ROWS,ROW_COUNT,RULE,SAVEPOINT,SCALE,SCHEMA,SCHEMA_NAME,SCOPE,SCROLL,SEARCH,SECOND,SECTION,SECURITY,SELECT,SELF,SENSITIVE,SEQUENCE,SERIALIZABLE,SERVER_NAME,SESSION,SESSION_USER,SET,SETOF,SETS,SHARE,SHOW,SIMILAR,SIMPLE,SIZE,SMALLINT,SOME,SOURCE,SPACE,SPECIFIC,SPECIFICTYPE,SPECIFIC_NAME,SQL,SQLCODE,SQLERROR,SQLEXCEPTION,SQLSTATE,SQLWARNING,STABLE,START,STATE,STATEMENT,STATIC,STATISTICS,STDIN,STDOUT,STORAGE,STRICT,STRUCTURE,STYLE,SUBCLASS_ORIGIN,SUBLIST,SUBSTRING,SUM,SYMMETRIC,SYSID,SYSTEM,SYSTEM_USER,TABLE,TABLE_NAME,TEMP,TEMPLATE,TEMPORARY,TERMINATE,THAN,THEN,TIME,TIMESTAMP,TIMEZONE_HOUR,TIMEZONE_MINUTE,TO,TOAST,TRAILING,TRANSACTION,TRANSACTIONS_COMMITTED,TRANSACTIONS_ROLLED_BACK,TRANSACTION_ACTIVE,TRANSFORM,TRANSFORMS,TRANSLATE,TRANSLATION,TREAT,TRIGGER,TRIGGER_CATALOG,TRIGGER_NAME,TRIGGER_SCHEMA,TRIM,TRUE,TRUNCATE,TRUSTED,TYPE,UNCOMMITTED,UNDER,UNENCRYPTED,UNION,UNIQUE,UNKNOWN,UNLISTEN,UNNAMED,UNNEST,UNTIL,UPDATE,UPPER,USAGE,USER,USER_DEFINED_TYPE_CATALOG,USER_DEFINED_TYPE_NAME,USER_DEFINED_TYPE_SCHEMA,USING,VACUUM,VALID,VALIDATOR,VALUE,VALUES,VARCHAR,VARIABLE,VARYING,VERBOSE,VERSION,VIEW,VOLATILE,WHEN,WHENEVER,WHERE,WITH,WITHOUT,WORK,WRITE,YEAR,ZONE</object>
      <object class="java.lang.String" name="databaseURL">jdbc:postgresql://127.0.0.1:5432/WEKA07
</object>
      <object class="java.lang.String" name="username">postgres</object>
   </object>
   <object class="boolean" name="advanceDataSetFirst" primitive="yes">true</object>
   <object class="int" name="runLower" primitive="yes">1</object>
   <object class="java.lang.Boolean" name="classFirst">false</object>
</object>
