country,fertility
Niger,7.6
Uganda,6.69
Mali,6.44
Somalia,6.35
Burundi,6.16
Burkina Faso,6.14
Ethiopia,6.02
Zambia,5.98
Angola,5.97
Republic of the Congo,5.68
Mozambique,5.46
Malawi,5.43
Afghanistan,5.39
Benin,5.31
Democratic Republic of the Congo,5.24
Liberia,5.13
Guinea,5.1
Sao Tome and Principe,5.08
Chad,5.05
Madagascar,5.02
Sierra Leone,4.94
Equatorial Guinea,4.91
Rwanda,4.9
Sudan,4.84
Senegal,4.78
Gaza Strip,4.74
Nigeria,4.73
Comoros,4.72
Togo,4.69
Yemen,4.63
Central African Republic,4.63
Gabon,4.59
Guinea-Bissau,4.51
Eritrea,4.48
Mauritania,4.3
Western Sahara,4.3
The Gambia,4.23
Kenya,4.19
Cameroon,4.17
Tanzania,4.16
Cote dIvoire,3.92
Iraq,3.67
Tonga,3.65
Zimbabwe,3.63
Solomon Islands,3.59
Ghana,3.48
Papua New Guinea,3.46
Marshall Islands,3.44
Jordan,3.39
Guatemala,3.27
Samoa,3.22
Belize,3.21
Philippines,3.19
Pakistan,3.17
American Samoa,3.16
Laos,3.14
Timor-Leste,3.13
Swaziland,3.11
Tuvalu,3.11
Honduras,3.09
Nauru,3.08
Haiti,3.07
West Bank,3.05
Bolivia,3
Egypt,2.97
Libya,2.96
Lesotho,2.94
Syria,2.94
Tajikistan,2.89
Oman,2.87
Cambodia,2.84
Kiribati,2.78
Federated States of Micronesia,2.74
Djibouti,2.71
Israel,2.7
Malaysia,2.67
Kuwait,2.64
Kyrgyzstan,2.63
India,2.62
Fiji,2.61
Bangladesh,2.6
Botswana,2.5
Cape Verde,2.49
Namibia,2.49
Nepal,2.47
Panama,2.45
Dominican Republic,2.44
Qatar,2.43
Faroe Islands,2.42
Ecuador,2.42
Venezuela,2.42
United Arab Emirates,2.4
Cook Islands,2.39
Vanuatu,2.39
Guyana,2.34
Peru,2.32
Saudi Arabia,2.31
Argentina,2.31
South Africa,2.3
Mexico,2.29
Burma,2.26
Indonesia,2.25
Morocco,2.21
Mongolia,2.21
Sri Lanka,2.2
Bhutan,2.2
Grenada,2.18
Brazil,2.18
Jamaica,2.17
Turkmenistan,2.16
Turkey,2.15
Colombia,2.15
Greenland,2.13
Northern Mariana Islands,2.13
Nicaragua,2.12
Paraguay,2.11
Curacao,2.1
New Zealand,2.08
El Salvador,2.08
New Caledonia,2.07
Dominica,2.07
United States,2.06
Antigua and Barbuda,2.05
Tunisia,2.03
Ireland,2.02
North Korea,2.02
Azerbaijan,2.02
The Bahamas,1.99
Bermuda,1.97
Gibraltar,1.96
Isle of Man,1.96
France,1.96
Suriname,1.95
Costa Rica,1.93
Saint Vincent and the Grenadines,1.92
Seychelles,1.91
Vietnam,1.91
United Kingdom,1.91
Uruguay,1.89
Uzbekistan,1.89
Iceland,1.89
Iran,1.88
Bahrain,1.88
Chile,1.88
French Polynesia,1.87
Cayman Islands,1.87
Kazakhstan,1.87
Brunei,1.86
Aruba,1.84
Maldives,1.81
Saint Lucia,1.81
Wallis and Futuna,1.81
Virgin Islands,1.8
Saint Kitts and Nevis,1.79
Mauritius,1.79
Australia,1.78
Luxembourg,1.77
Norway,1.77
Lebanon,1.77
Anguilla,1.75
Algeria,1.75
Denmark,1.74
Finland,1.73
Palau,1.73
Trinidad and Tobago,1.72
British Virgin Islands,1.71
Turks and Caicos Islands,1.7
Sint Maarten,1.7
Barbados,1.68
Sweden,1.67
Thailand,1.66
Jersey,1.66
Netherlands,1.66
Belgium,1.65
Puerto Rico,1.62
Macedonia,1.58
Canada,1.58
'Saint Helena, Ascension, and Tristan da Cunha',1.57
Saint Pierre and Miquelon,1.55
China,1.54
Guernsey,1.54
Liechtenstein,1.53
Malta,1.52
Monaco,1.5
Portugal,1.5
Albania,1.48
San Marino,1.47
Spain,1.47
Switzerland,1.46
Georgia,1.45
Cyprus,1.45
Cuba,1.44
Estonia,1.44
Croatia,1.43
Bulgaria,1.42
Russia,1.42
Germany,1.41
Austria,1.4
Hungary,1.4
Serbia,1.4
Italy,1.39
Greece,1.38
Slovakia,1.37
Armenia,1.37
Andorra,1.35
Latvia,1.32
Poland,1.3
Slovenia,1.3
Romania,1.29
Moldova,1.29
Ukraine,1.28
Bosnia and Herzegovina,1.27
Montserrat,1.26
Czech Republic,1.26
Belarus,1.26
Lithuania,1.25
South Korea,1.23
Japan,1.21
Taiwan,1.15
Singapore,1.11
Hong Kong,1.07
Macau,0.92
